t_s,dtw_relaxed,dtw_close,dtw_open,env,fsm,gripper,fired
0.421,595.13,2307.87,1647.43,62.8,PULSE,open,
0.494,618.10,2336.66,1640.51,64.7,PULSE,open,
0.534,643.52,2319.13,1632.57,62.3,PULSE,open,
0.572,651.29,2299.42,1651.74,63.7,PULSE,open,
0.619,645.85,2234.06,1659.46,63.8,PULSE,open,
0.670,688.46,2219.02,1659.12,63.4,PULSE,open,
0.712,665.67,2208.84,1652.12,64.8,PULSE,open,
0.763,714.85,2206.15,1651.83,64.9,PULSE,open,
0.805,662.71,2266.89,1646.01,64.8,PULSE,open,
0.851,751.80,2277.08,1636.90,64.5,PULSE,open,
0.898,752.95,2272.95,1631.80,64.5,PULSE,open,
0.945,775.26,2246.88,1605.49,60.7,PULSE,open,
0.997,782.76,2239.82,1598.53,60.7,PULSE,open,
1.038,802.89,2225.59,1593.22,60.4,PULSE,open,
1.088,816.39,2216.44,1584.98,60.2,PULSE,open,
1.144,840.21,2205.05,1556.86,57.3,PULSE,open,
1.195,851.76,2201.92,1543.70,55.3,PULSE,open,
1.237,871.16,2186.32,1539.81,55.4,PULSE,open,
1.283,882.10,2134.39,1522.82,54.3,PULSE,open,
1.331,895.82,2106.78,1485.74,50.8,PULSE,open,
1.378,912.31,2051.84,1443.26,47.1,PULSE,open,
1.427,913.88,2039.84,1423.04,45.0,PULSE,open,
1.469,932.66,2116.27,1364.24,40.7,PULSE,open,
1.518,874.13,2115.11,1303.56,34.5,PULSE,open,
1.561,949.84,2140.35,1267.04,29.0,PULSE,open,
1.609,935.25,2137.36,1203.63,22.8,REFRACTORY,open,
1.651,892.46,2132.06,1127.50,18.5,REFRACTORY,open,
1.701,819.77,2132.65,1044.48,13.9,REFRACTORY,open,
1.750,780.39,2098.54,960.02,10.4,REFRACTORY,open,
1.792,772.08,2023.80,894.42,7.1,REFRACTORY,open,
1.841,754.19,2023.54,854.08,5.8,REFRACTORY,open,
1.883,769.68,2012.04,799.50,7.6,REFRACTORY,open,
1.930,709.32,2015.90,822.27,6.7,REFRACTORY,open,
1.977,775.02,2170.08,893.57,7.6,REFRACTORY,open,
2.024,756.48,2566.89,1033.02,6.3,REFRACTORY,open,
2.074,770.35,2564.11,1053.58,8.0,REFRACTORY,open,
2.120,752.75,2576.76,1067.54,8.2,REFRACTORY,open,
2.169,760.65,2618.69,1090.47,9.1,REFRACTORY,open,
2.212,752.95,2640.76,1117.76,10.7,REFRACTORY,open,
2.258,761.82,2613.44,1124.53,18.3,REFRACTORY,open,
2.320,769.19,2642.25,1173.21,24.7,REFRACTORY,open,
2.365,785.91,2644.95,1190.99,29.3,REFRACTORY,open,
2.429,797.76,2669.98,1230.06,35.8,REFRACTORY,open,
2.466,809.62,2669.89,1249.55,39.9,REFRACTORY,open,
2.520,821.08,2683.67,1281.81,44.3,REFRACTORY,open,
2.557,830.24,2707.61,1318.39,47.7,REFRACTORY,open,
2.619,855.53,2724.18,1363.61,52.1,REFRACTORY,open,
2.653,861.29,2742.16,1394.56,53.1,REFRACTORY,open,
2.710,892.68,2762.41,1388.60,56.2,REFRACTORY,open,
2.747,888.46,2759.57,1375.53,58.1,REFRACTORY,open,
2.801,937.95,2701.42,1365.24,61.5,REFRACTORY,open,
2.842,949.93,2656.33,1364.87,60.5,REFRACTORY,open,
2.894,986.70,2598.69,1357.66,63.3,REFRACTORY,open,
2.942,996.93,2563.44,1352.31,63.7,REFRACTORY,open,
2.987,1027.75,2524.15,1354.16,65.6,REFRACTORY,open,
3.035,1041.09,2477.47,1352.67,65.1,REFRACTORY,open,
3.077,1068.86,2431.56,1353.78,65.8,REFRACTORY,open,
3.122,1079.15,2390.66,1349.06,66.0,REFRACTORY,open,
3.170,1097.80,2350.92,1341.60,65.3,REFRACTORY,open,
3.216,1125.92,2305.67,1334.03,64.9,REFRACTORY,open,
3.266,1120.02,2238.96,1324.01,62.2,REFRACTORY,open,
3.307,1168.37,2183.67,1306.38,59.0,REFRACTORY,open,
3.461,1214.60,2052.02,1201.85,52.9,REFRACTORY,open,
3.512,1241.00,2022.19,1199.32,51.9,REFRACTORY,open,
3.555,1228.26,2007.29,1232.13,50.8,REFRACTORY,open,
3.600,1288.75,1996.46,1251.81,49.9,REFRACTORY,open,
3.660,1274.27,1974.71,1272.18,47.4,REFRACTORY,open,
3.708,1299.74,1973.04,1282.24,43.1,REFRACTORY,open,
3.754,1295.76,1981.15,1272.15,41.7,REFRACTORY,open,
3.801,1338.47,1982.22,1246.47,39.7,REFRACTORY,open,
3.839,1314.15,1983.70,1235.96,38.3,REFRACTORY,open,
3.892,1341.04,1974.19,1192.54,32.6,REFRACTORY,open,
3.943,1332.09,1970.65,1156.37,29.9,REFRACTORY,open,
3.986,1360.14,1976.26,1131.38,28.8,REFRACTORY,open,
4.033,1349.71,1972.44,1094.87,27.7,REFRACTORY,open,
4.068,1355.76,1967.06,1057.34,24.7,REFRACTORY,open,
4.127,1329.01,1967.13,1000.70,21.7,REFRACTORY,open,
4.178,1323.40,1968.85,986.26,21.8,REFRACTORY,open,
4.218,1297.30,2006.45,958.83,20.6,REFRACTORY,open,
4.267,1286.47,2076.52,925.61,18.7,REFRACTORY,open,
4.311,1273.95,2140.95,929.58,20.1,REFRACTORY,open,
4.357,1250.60,2189.06,958.95,19.5,REFRACTORY,open,
4.404,1234.13,2285.94,1018.21,20.2,IDLE,open,
4.452,1204.23,2370.36,1042.31,17.7,IDLE,open,
4.502,1189.80,2431.30,1098.73,17.9,IDLE,open,
4.543,1149.94,2480.34,1142.11,17.3,IDLE,open,
4.595,1137.60,2553.44,1152.81,16.1,IDLE,open,
4.637,1106.19,2558.50,1176.14,16.3,IDLE,open,
4.683,1058.41,2624.98,1194.56,14.8,IDLE,open,
4.732,1006.20,2657.38,1175.00,13.5,IDLE,open,
4.775,945.52,2699.42,1189.82,10.7,IDLE,open,
4.825,950.89,2696.27,1183.47,12.0,IDLE,open,
4.867,890.56,2718.00,1208.79,11.6,IDLE,open,
4.920,872.35,2710.78,1218.35,11.0,IDLE,open,
4.962,844.70,2707.11,1206.04,10.2,IDLE,open,
5.009,821.83,2696.95,1194.55,10.0,IDLE,open,
5.058,804.38,2686.66,1183.83,12.3,IDLE,open,
5.103,741.88,2675.67,1160.51,9.6,IDLE,open,
5.154,755.09,2662.32,1155.67,10.4,IDLE,open,
5.198,715.84,2645.60,1145.00,11.6,IDLE,open,
5.248,719.94,2629.97,1131.92,11.7,IDLE,open,
5.292,675.64,2618.90,1124.33,11.1,IDLE,open,
5.336,689.55,2607.06,1118.96,11.8,IDLE,open,
5.381,659.55,2595.18,1112.56,11.7,IDLE,open,
5.429,648.34,2579.87,1107.53,14.1,IDLE,open,
5.480,634.74,2564.39,1101.85,14.8,IDLE,open,
5.522,623.45,2553.95,1094.87,16.3,IDLE,open,
5.572,632.43,2533.82,1090.85,18.8,IDLE,open,
5.617,597.86,2519.89,1088.20,19.2,IDLE,open,
5.663,628.76,2504.73,1080.40,18.8,IDLE,open,
5.711,607.59,2491.73,1075.51,18.0,IDLE,open,
5.756,642.50,2469.95,1074.94,18.6,IDLE,open,
5.817,621.00,2439.24,1073.93,19.6,IDLE,open,
5.864,652.82,2396.76,1075.25,22.0,IDLE,open,
5.899,637.50,2370.18,1079.86,20.6,IDLE,open,
5.957,662.99,2348.94,1089.39,19.3,IDLE,open,
6.006,643.24,2331.14,1095.50,18.6,IDLE,open,
6.049,662.81,2328.47,1142.95,18.9,IDLE,open,
6.095,662.49,2316.08,1179.15,20.7,IDLE,open,
6.142,670.13,2307.77,1185.52,20.5,IDLE,open,
6.187,677.97,2303.15,1225.99,19.9,IDLE,open,
6.237,711.43,2294.92,1234.62,18.2,IDLE,open,
6.281,743.68,2285.96,1234.11,17.4,IDLE,open,
6.331,723.53,2282.54,1242.84,17.4,IDLE,open,
6.374,746.71,2279.34,1260.11,16.9,IDLE,open,
6.423,731.44,2269.89,1281.99,16.0,IDLE,open,
6.467,742.73,2254.75,1290.38,15.8,IDLE,open,
6.514,717.03,2250.67,1287.14,16.1,IDLE,open,
6.564,717.38,2258.60,1250.01,13.9,IDLE,open,
6.607,707.78,2260.45,1258.63,15.1,IDLE,open,
6.657,672.29,2259.93,1222.03,11.7,IDLE,open,
6.701,651.39,2270.00,1208.23,10.4,IDLE,open,
6.747,610.58,2266.02,1197.33,9.6,IDLE,open,
6.794,626.27,2269.23,1191.58,12.4,IDLE,open,
6.841,584.79,2279.89,1186.79,12.7,IDLE,open,
6.893,572.99,2287.34,1182.06,11.1,IDLE,open,
6.931,523.46,2291.32,1169.59,8.6,IDLE,open,
6.975,520.63,2290.54,1152.26,8.5,IDLE,open,
7.026,473.88,2298.55,1142.87,8.0,IDLE,open,
7.069,458.50,2312.08,1137.36,8.7,IDLE,open,
7.118,436.09,2323.06,1128.69,8.2,IDLE,open,
7.168,406.24,2323.91,1119.78,9.5,IDLE,open,
7.211,386.50,2324.97,1116.94,9.6,IDLE,open,
7.260,361.50,2325.90,1111.27,10.0,IDLE,open,
7.303,349.15,2320.88,1106.14,11.4,IDLE,open,
7.356,316.17,2317.30,1097.43,12.3,IDLE,open,
7.399,313.19,2338.43,1095.31,11.8,IDLE,open,
7.448,278.40,2341.46,1092.80,11.5,IDLE,open,
7.490,274.85,2355.09,1083.82,10.9,IDLE,open,
7.545,243.93,2376.64,1086.68,13.4,IDLE,open,
7.588,245.68,2385.58,1075.55,12.4,IDLE,open,
7.635,217.45,2386.06,1076.10,13.5,IDLE,open,
7.682,204.71,2386.88,1079.52,13.4,IDLE,open,
7.726,192.25,2397.74,1081.04,11.5,IDLE,open,
7.771,176.78,2407.13,1089.54,12.3,IDLE,open,
7.818,173.92,2410.34,1093.98,13.8,IDLE,open,
7.873,153.44,2414.42,1090.86,13.4,IDLE,open,
7.918,153.91,2415.58,1112.13,13.4,IDLE,open,
7.962,136.94,2421.88,1108.78,12.1,IDLE,open,
8.019,138.48,2428.47,1107.44,10.5,IDLE,open,
8.054,124.33,2443.61,1106.43,10.0,IDLE,open,
8.112,131.36,2456.44,1119.49,14.5,IDLE,open,
8.155,113.21,2463.49,1144.03,13.0,IDLE,open,
8.203,131.35,2455.45,1154.14,11.8,IDLE,open,
8.251,107.61,2442.46,1193.69,12.3,IDLE,open,
8.297,121.17,2428.79,1193.27,11.4,IDLE,open,
8.343,113.34,2440.34,1203.25,10.9,IDLE,open,
8.436,104.72,2449.00,1219.07,8.2,IDLE,open,
8.482,96.89,2444.43,1203.56,9.2,IDLE,open,
8.526,95.18,2433.53,1244.15,8.6,IDLE,open,
8.574,85.85,2434.07,1259.36,8.1,IDLE,open,
8.620,92.62,2433.58,1288.06,8.2,IDLE,open,
8.667,76.56,2447.24,1295.27,7.9,IDLE,open,
8.712,79.69,2436.27,1292.50,5.8,IDLE,open,
8.758,85.74,2433.82,1286.88,7.6,IDLE,open,
8.808,79.42,2426.27,1273.37,11.3,IDLE,open,
8.861,87.54,2421.57,1285.24,11.4,IDLE,open,
8.898,78.06,2432.92,1282.76,11.6,IDLE,open,
8.948,98.35,2439.30,1280.28,12.3,IDLE,open,
8.992,78.80,2437.35,1278.79,12.2,IDLE,open,
9.038,83.54,2435.92,1272.43,10.9,IDLE,open,
9.086,76.87,2434.07,1267.07,8.5,IDLE,open,
9.148,85.15,2460.44,1264.88,6.7,IDLE,open,
9.207,71.76,2464.84,1262.02,5.3,IDLE,open,
9.256,87.91,2470.29,1256.86,5.3,IDLE,open,
9.295,72.77,2472.51,1256.17,5.6,IDLE,open,
9.349,80.15,2482.38,1251.24,7.1,IDLE,open,
9.385,81.09,2468.01,1244.03,7.8,IDLE,open,
9.442,91.56,2451.73,1243.90,11.2,IDLE,open,
9.479,105.41,2436.30,1251.90,14.6,IDLE,open,
9.533,121.81,2392.83,1257.22,15.0,IDLE,open,
9.579,133.25,2309.50,1266.73,19.4,IDLE,open,
9.619,139.12,2270.99,1262.53,20.7,IDLE,open,
9.674,154.05,2212.92,1278.41,23.7,IDLE,open,
9.725,155.27,2176.42,1293.68,27.5,IDLE,open,
9.762,172.92,2167.65,1271.80,28.4,IDLE,open,
9.814,173.65,2148.52,1239.35,30.5,IDLE,open,
9.859,188.64,2139.74,1239.78,32.4,IDLE,open,
9.908,185.32,2118.98,1228.47,31.2,IDLE,open,
9.957,188.29,2103.80,1223.02,28.4,IDLE,open,
10.003,191.78,2096.16,1218.94,25.0,IDLE,open,
10.051,190.25,2114.18,1225.74,18.8,IDLE,open,
10.085,163.60,2116.34,1226.70,13.9,IDLE,open,
10.135,150.66,2128.07,1215.10,8.1,IDLE,open,
10.183,147.23,2143.00,1211.42,3.4,IDLE,open,
10.231,137.07,2149.85,1204.98,4.3,IDLE,open,
10.277,142.34,2132.17,1192.36,9.7,IDLE,open,
10.324,134.89,2114.60,1188.93,16.3,IDLE,open,
10.379,143.57,2108.01,1190.87,20.9,IDLE,open,
10.415,143.30,2101.64,1194.43,21.4,IDLE,open,
10.464,154.34,2095.98,1194.40,24.0,IDLE,open,
10.511,150.29,2105.28,1201.78,21.5,IDLE,open,
10.558,146.85,2121.38,1203.64,14.5,IDLE,open,
10.606,136.21,2136.96,1187.00,8.4,IDLE,open,
10.652,133.41,2146.94,1173.16,7.3,IDLE,open,
10.706,142.17,2152.74,1167.39,14.0,IDLE,open,
10.746,147.31,2139.24,1165.72,20.9,IDLE,open,
10.791,152.05,2124.01,1173.29,25.0,IDLE,open,
10.838,173.36,2128.69,1190.85,33.5,IDLE,open,
10.891,178.80,2144.42,1209.76,40.6,PULSE,open,
10.934,213.85,2154.72,1233.57,48.1,PULSE,open,
10.978,220.94,2172.00,1267.75,52.3,PULSE,open,
11.029,252.54,2164.77,1302.07,53.2,PULSE,open,
11.071,258.72,2168.72,1334.18,52.4,PULSE,open,
11.118,287.99,2166.20,1355.29,53.7,PULSE,open,
11.166,298.46,2141.41,1340.73,51.3,PULSE,open,
11.211,327.76,2135.96,1311.12,48.3,PULSE,open,
11.261,410.74,2203.92,1346.12,74.2,PULSE,open,
11.304,973.31,2735.53,1919.62,596.4,PULSE,open,
11.355,778.70,3027.14,2237.63,449.6,PULSE,open,
11.406,1199.07,2855.98,2403.59,252.4,PULSE,open,
11.447,875.60,1787.80,2406.64,149.4,PULSE,open,
11.505,1309.57,1656.49,2004.17,99.6,PULSE,open,
11.543,1150.68,1763.73,2266.96,194.6,PULSE,open,
11.584,1267.08,1994.48,2264.12,262.5,PULSE,open,
11.645,1375.32,2201.55,2779.21,275.0,PULSE,open,
11.686,1434.29,2392.78,2595.73,238.0,PULSE,open,
11.724,1736.98,1990.18,2457.80,181.1,PULSE,open,
11.774,1387.25,1557.34,2503.67,118.3,PULSE,open,
11.829,1757.62,1214.96,1745.84,65.5,PULSE,open,
11.869,1390.16,828.86,1548.81,36.6,PULSE,open,
11.923,1789.28,721.45,1527.79,20.2,REFRACTORY,close,close
11.964,1375.55,663.20,1459.37,14.1,REFRACTORY,close,
12.017,1701.46,658.25,1407.79,8.8,REFRACTORY,close,
12.056,1458.35,755.19,1329.39,7.0,REFRACTORY,close,
12.112,1615.69,687.16,1363.94,5.5,REFRACTORY,close,
12.150,1559.82,829.04,1313.75,5.6,REFRACTORY,close,
12.202,1510.06,771.80,1318.80,4.7,REFRACTORY,close,
12.246,1587.98,877.61,1302.29,4.1,REFRACTORY,close,
12.291,1322.37,880.24,1357.35,3.9,REFRACTORY,close,
12.335,1706.44,851.11,1385.56,3.6,REFRACTORY,close,
12.389,1309.35,818.44,1408.52,4.4,REFRACTORY,close,
12.435,1719.69,779.94,1401.68,2.4,REFRACTORY,close,
12.480,1307.47,673.03,1353.41,3.7,REFRACTORY,close,
12.523,1662.18,659.72,1334.13,3.9,REFRACTORY,close,
12.574,1375.51,657.89,1325.96,4.3,REFRACTORY,close,
12.619,1630.82,643.08,1322.48,8.0,REFRACTORY,close,
12.670,1406.74,643.34,1332.12,13.5,REFRACTORY,close,
12.714,1542.95,760.37,1310.49,18.5,REFRACTORY,close,
12.764,1529.89,802.32,1339.49,27.7,REFRACTORY,close,
12.806,1398.79,1057.07,1360.81,27.3,REFRACTORY,close,
12.852,1739.25,1138.83,1417.38,27.1,REFRACTORY,close,
12.900,1356.22,1233.68,1490.33,27.9,REFRACTORY,close,
12.946,1758.96,1195.78,1534.58,23.5,REFRACTORY,close,
12.992,1366.34,1160.36,1515.03,18.2,REFRACTORY,close,
13.053,1757.10,1322.30,1463.03,15.1,REFRACTORY,close,
13.114,1437.23,1191.52,1406.58,8.8,REFRACTORY,close,
13.154,1762.16,1294.06,1432.38,6.4,REFRACTORY,close,
13.198,1358.94,1230.72,1476.56,5.6,REFRACTORY,close,
13.254,1761.27,1884.24,2197.77,6.4,REFRACTORY,close,
13.295,1380.31,2834.31,2152.07,7.2,REFRACTORY,close,
13.335,1628.65,2616.68,1742.37,6.8,REFRACTORY,close,
13.443,1703.29,1805.13,1070.89,5.4,REFRACTORY,close,
13.485,1530.61,2183.90,1540.15,4.0,REFRACTORY,close,
13.526,1489.37,3438.12,2072.63,2.7,REFRACTORY,close,
13.585,1559.25,3214.73,1889.60,4.1,REFRACTORY,close,
13.628,1457.66,2990.35,1681.74,9.3,REFRACTORY,close,
13.676,1659.68,2709.35,1467.17,14.3,IDLE,close,
13.719,1362.27,2539.27,1330.38,19.0,IDLE,close,
13.760,1764.06,2384.94,1219.13,18.6,IDLE,close,
13.806,1366.19,2291.10,1155.82,17.6,IDLE,close,
13.867,1756.44,2241.41,1120.77,16.1,IDLE,close,
13.913,1343.20,2222.11,1223.91,13.3,IDLE,close,
13.958,1738.77,2220.82,1225.89,11.4,IDLE,close,
14.002,1364.67,2224.85,1216.38,7.9,IDLE,close,
14.047,1607.50,2226.16,1200.90,6.2,IDLE,close,
14.091,1537.30,2251.47,1189.16,6.0,IDLE,close,
14.135,1390.66,2261.88,1180.05,8.1,IDLE,close,
14.185,1641.01,2272.82,1166.55,7.8,IDLE,close,
14.230,1326.55,2286.17,1162.10,7.2,IDLE,close,
14.280,1712.44,2294.10,1143.70,7.4,IDLE,close,
14.322,1321.24,2287.35,1120.48,6.6,IDLE,close,
14.376,1717.68,2286.24,1100.38,6.2,IDLE,close,
14.420,1338.99,2274.07,1078.74,7.7,IDLE,close,
14.465,1692.24,2272.35,1064.79,5.6,IDLE,close,
14.507,1412.85,2260.16,1058.99,3.2,IDLE,close,
14.560,1548.86,2259.90,1044.60,4.5,IDLE,close,
14.603,1482.86,2268.69,1036.15,3.5,IDLE,close,
14.647,1398.53,2293.95,1026.87,3.1,IDLE,close,
14.699,1570.86,2337.97,1006.61,9.0,IDLE,close,
14.743,1364.22,2439.66,999.44,8.4,IDLE,close,
14.788,1757.87,2423.49,1001.95,8.5,IDLE,close,
14.841,1340.92,2414.38,1015.42,3.6,IDLE,close,
14.884,1748.33,2404.07,1018.48,2.9,IDLE,close,
14.949,1367.22,2394.36,1170.99,4.7,IDLE,close,
14.995,1655.24,2380.43,1207.95,8.2,IDLE,close,
15.038,1282.05,2350.93,1263.50,12.5,IDLE,close,
15.084,1680.54,2340.33,1269.27,17.7,IDLE,close,
15.126,1329.72,2320.43,1281.98,22.6,IDLE,close,
15.170,1494.16,2276.00,1291.48,25.2,IDLE,close,
15.213,1422.61,2240.71,1291.10,29.3,IDLE,close,
15.274,1512.23,2219.08,1305.07,32.2,IDLE,close,
15.316,1382.84,2187.42,1283.81,37.5,IDLE,close,
15.358,1060.68,2169.34,1256.67,34.5,IDLE,close,
15.401,1033.76,2167.90,1246.46,38.2,IDLE,close,
15.448,826.27,2159.10,1226.29,37.9,IDLE,close,
15.494,840.44,2147.96,1207.05,34.8,IDLE,close,
15.546,820.04,2149.42,1199.87,37.7,IDLE,close,
15.589,761.54,2143.25,1186.48,36.6,IDLE,close,
15.635,649.38,2139.40,1178.56,37.3,IDLE,close,
15.680,519.28,2130.12,1173.80,37.3,IDLE,close,
15.732,440.45,2109.07,1150.08,32.9,IDLE,close,
15.775,354.66,2090.46,1155.52,31.0,IDLE,close,
15.820,330.73,2071.12,1147.49,27.9,IDLE,close,
15.871,292.44,2063.55,1184.48,24.1,IDLE,close,
15.916,298.37,2062.49,1205.34,23.3,IDLE,close,
15.960,289.16,2061.08,1219.45,24.5,IDLE,close,
16.010,288.37,2072.11,1224.32,19.4,IDLE,close,
16.058,288.87,2078.37,1228.20,16.7,IDLE,close,
16.101,275.71,2080.65,1231.04,16.0,IDLE,close,
16.147,272.01,2083.02,1180.19,13.3,IDLE,close,
16.194,258.71,2088.41,1143.47,11.1,IDLE,close,
16.247,251.03,2098.29,1116.00,8.5,IDLE,close,
16.301,246.23,2106.60,1096.84,8.3,IDLE,close,
16.359,244.35,2114.19,1083.05,8.1,IDLE,close,
16.403,235.26,2120.17,1072.36,9.3,IDLE,close,
16.455,238.45,2124.28,1058.33,8.6,IDLE,close,
16.499,219.67,2118.71,1046.93,7.4,IDLE,close,
16.544,232.83,2116.15,1028.56,7.2,IDLE,close,
16.590,213.35,2111.99,1010.09,7.2,IDLE,close,
16.635,228.81,2106.97,992.29,7.0,IDLE,close,
16.683,210.96,2102.51,975.93,5.7,IDLE,close,
16.728,225.68,2111.58,964.41,5.6,IDLE,close,
16.770,214.41,2121.48,955.48,5.6,IDLE,close,
16.817,199.86,2120.13,947.34,6.6,IDLE,close,
16.861,196.59,2110.54,929.20,8.7,IDLE,close,
16.905,174.19,2100.85,910.40,8.8,IDLE,close,
16.953,183.02,2089.38,889.38,8.5,IDLE,close,
17.007,162.60,2089.11,874.60,9.0,IDLE,close,
17.049,176.39,2127.64,858.47,6.3,IDLE,close,
17.093,160.76,2178.99,855.05,9.8,IDLE,close,
17.144,186.49,2220.10,855.55,12.5,IDLE,close,
17.187,173.24,2297.61,883.99,12.7,IDLE,close,
17.229,177.01,2345.90,919.26,11.9,IDLE,close,
17.275,184.62,2385.28,954.01,12.8,IDLE,close,
17.319,170.63,2405.08,962.98,13.2,IDLE,close,
17.366,189.92,2409.34,972.26,12.5,IDLE,close,
17.416,174.70,2412.14,973.23,11.8,IDLE,close,
17.473,197.45,2418.74,973.28,11.7,IDLE,close,
17.513,192.62,2447.54,1003.06,13.0,IDLE,close,
17.554,199.29,2449.25,996.93,12.6,IDLE,close,
17.611,187.70,2430.55,998.63,11.6,IDLE,close,
17.652,196.71,2432.71,1001.05,12.7,IDLE,close,
17.704,187.63,2425.79,998.07,13.4,IDLE,close,
17.741,186.85,2407.40,990.84,13.9,IDLE,close,
17.794,197.89,2399.46,994.34,13.6,IDLE,close,
17.847,181.62,2400.64,1020.99,11.3,IDLE,close,
17.892,199.79,2417.04,1021.42,13.0,IDLE,close,
17.937,184.17,2439.61,1022.47,12.8,IDLE,close,
17.980,201.11,2425.90,1138.25,14.1,IDLE,close,
18.029,192.79,2384.08,1208.93,15.6,IDLE,close,
18.080,204.93,2397.70,1240.64,14.4,IDLE,close,
18.118,194.35,2392.82,1299.61,12.2,IDLE,close,
18.167,206.92,2381.68,1364.16,15.3,IDLE,close,
18.214,202.08,2384.84,1390.06,14.7,IDLE,close,
18.260,209.35,2390.95,1388.79,15.6,IDLE,close,
18.307,211.26,2341.13,1390.01,17.1,IDLE,close,
18.351,212.49,2353.57,1389.90,15.7,IDLE,close,
18.447,215.32,2293.19,1389.41,19.2,IDLE,close,
18.503,229.88,2258.93,1392.20,20.8,IDLE,close,
18.543,222.68,2254.14,1395.56,20.8,IDLE,close,
18.596,238.29,2227.08,1399.87,22.4,IDLE,close,
18.639,232.54,2232.53,1400.25,21.3,IDLE,close,
18.690,240.90,2220.92,1397.50,19.5,IDLE,close,
18.725,235.35,2237.03,1395.82,19.7,IDLE,close,
18.784,231.19,2236.31,1347.73,15.4,IDLE,close,
18.820,223.92,2239.80,1320.60,14.0,IDLE,close,
18.876,219.83,2245.74,1250.61,10.6,IDLE,close,
18.924,209.58,2253.65,1245.48,8.3,IDLE,close,
18.961,198.97,2251.31,1225.65,6.7,IDLE,close,
19.016,230.83,2265.80,1216.80,5.6,IDLE,close,
19.055,232.27,2272.79,1208.20,6.9,IDLE,close,
19.107,234.29,2283.77,1201.48,1.6,IDLE,close,
19.147,227.91,2285.96,1196.84,1.7,IDLE,close,
19.201,237.16,2285.18,1195.06,1.7,IDLE,close,
19.247,219.04,2298.81,1194.88,1.9,IDLE,close,
19.298,216.47,2304.61,1192.93,3.5,IDLE,close,
19.342,203.12,2310.44,1192.69,4.4,IDLE,close,
19.387,194.10,2306.62,1188.96,5.2,IDLE,close,
19.431,181.34,2294.14,1183.30,9.2,IDLE,close,
19.480,167.26,2301.68,1177.45,9.5,IDLE,close,
19.528,157.20,2289.13,1166.20,11.8,IDLE,close,
19.580,148.70,2284.60,1161.50,11.9,IDLE,close,
19.625,135.98,2280.18,1157.49,13.0,IDLE,close,
19.677,132.89,2278.82,1154.10,13.2,IDLE,close,
19.716,119.39,2277.69,1154.73,13.6,IDLE,close,
19.759,115.54,2279.61,1148.46,14.1,IDLE,close,
19.814,103.89,2278.71,1148.16,12.5,IDLE,close,
19.870,99.59,2295.13,1146.40,12.3,IDLE,close,
19.912,86.18,2303.14,1134.40,10.7,IDLE,close,
19.972,90.80,2315.48,1131.53,10.8,IDLE,close,
20.011,73.20,2323.22,1123.23,9.6,IDLE,close,
20.056,76.86,2333.37,1127.45,8.6,IDLE,close,
20.094,69.93,2341.72,1121.16,8.4,IDLE,close,
20.150,70.36,2363.61,1109.93,8.8,IDLE,close,
20.190,63.94,2353.42,1103.06,8.8,IDLE,close,
20.244,64.42,2375.31,1103.76,8.8,IDLE,close,
20.283,70.85,2371.52,1084.94,8.5,IDLE,close,
20.324,63.93,2365.53,1074.76,8.1,IDLE,close,
20.379,69.25,2387.90,1073.93,6.6,IDLE,close,
20.419,58.20,2422.35,1076.65,5.0,IDLE,close,
20.475,70.25,2428.57,1066.00,5.9,IDLE,close,
20.514,61.93,2455.57,1077.06,5.6,IDLE,close,
20.562,62.67,2467.00,1084.04,6.0,IDLE,close,
20.601,65.10,2465.21,1096.85,5.5,IDLE,close,
20.654,72.36,2464.58,1104.12,8.4,IDLE,close,
20.706,69.44,2471.80,1134.39,7.3,IDLE,close,
20.756,79.18,2459.22,1218.63,10.4,IDLE,close,
20.796,77.91,2473.90,1271.87,11.8,IDLE,close,
20.849,80.40,2456.54,1331.07,12.4,IDLE,close,
20.885,89.37,2437.89,1341.14,14.8,IDLE,close,
20.933,84.28,2386.58,1344.45,17.7,IDLE,close,
20.977,106.72,2353.42,1349.73,18.9,IDLE,close,
21.030,94.55,2353.42,1350.45,18.5,IDLE,close,
21.070,107.89,2359.75,1337.03,16.8,IDLE,close,
21.117,110.40,2348.01,1335.50,18.7,IDLE,close,
21.163,118.44,2333.54,1337.84,19.0,IDLE,close,
21.210,118.40,2321.26,1329.63,19.6,IDLE,close,
21.259,117.64,2307.93,1325.75,18.4,IDLE,close,
21.304,124.61,2301.53,1334.70,18.4,IDLE,close,
21.354,122.78,2294.28,1331.20,13.4,IDLE,close,
21.396,123.91,2292.38,1327.68,12.2,IDLE,close,
21.453,116.64,2297.03,1321.18,9.5,IDLE,close,
21.503,114.55,2303.61,1317.84,7.4,IDLE,close,
21.538,111.48,2295.22,1326.69,7.0,IDLE,close,
21.596,109.74,2324.75,1312.71,5.1,IDLE,close,
21.643,109.28,2319.64,1320.60,5.0,IDLE,close,
21.680,113.19,2337.40,1295.86,5.8,IDLE,close,
21.735,106.33,2327.03,1305.77,6.9,IDLE,close,
21.785,110.33,2329.03,1312.13,7.0,IDLE,close,
21.821,98.40,2323.36,1304.96,7.6,IDLE,close,
21.874,110.09,2319.54,1301.03,8.7,IDLE,close,
21.920,101.58,2312.88,1290.62,11.6,IDLE,close,
21.965,112.14,2298.35,1289.19,12.6,IDLE,close,
22.017,100.77,2295.36,1285.92,14.5,IDLE,close,
22.056,108.67,2295.47,1288.69,18.0,IDLE,close,
22.111,113.01,2286.58,1286.85,21.3,IDLE,close,
22.153,121.70,2273.83,1296.23,24.5,IDLE,close,
22.200,133.27,2263.28,1296.00,25.3,IDLE,close,
22.246,135.12,2271.27,1303.98,25.0,IDLE,close,
22.291,141.96,2273.77,1309.12,23.9,IDLE,close,
22.337,142.91,2268.57,1313.71,25.0,IDLE,close,
22.384,147.42,2272.74,1310.67,20.9,IDLE,close,
22.434,143.51,2273.46,1305.04,17.0,IDLE,close,
22.477,140.70,2284.03,1265.25,10.8,IDLE,close,
22.525,137.64,2290.72,1251.87,6.3,IDLE,close,
22.572,124.65,2299.42,1238.54,3.3,IDLE,close,
22.618,129.94,2302.89,1231.74,4.0,IDLE,close,
22.665,121.36,2293.71,1215.96,8.2,IDLE,close,
22.709,131.41,2261.49,1198.97,13.7,IDLE,close,
22.773,117.62,2257.60,1203.86,18.6,IDLE,close,
22.808,137.46,2232.85,1196.32,21.5,IDLE,close,
22.869,137.05,2238.90,1220.35,24.9,IDLE,close,
22.904,149.82,2236.03,1215.31,27.8,IDLE,close,
22.958,157.17,2230.39,1223.88,30.7,IDLE,close,
22.997,174.30,2239.74,1225.85,32.8,IDLE,close,
23.050,184.20,2220.07,1223.09,34.4,IDLE,close,
23.087,188.09,2213.78,1226.41,34.8,IDLE,close,
23.145,199.75,2200.40,1219.03,34.2,IDLE,close,
23.184,199.62,2198.71,1220.30,34.4,IDLE,close,
23.236,214.51,2177.96,1212.35,32.4,IDLE,close,
23.281,214.06,2181.14,1244.42,34.2,IDLE,close,
23.328,223.72,2170.90,1275.58,35.4,IDLE,close,
23.376,233.32,2153.70,1268.58,32.7,IDLE,close,
23.482,247.72,2146.43,1245.07,31.3,IDLE,close,
23.526,252.75,2146.10,1227.29,30.4,IDLE,close,
23.575,256.63,2139.54,1205.22,27.4,IDLE,close,
23.619,259.68,2136.71,1187.75,27.6,IDLE,close,
23.665,262.95,2132.05,1166.44,24.8,IDLE,close,
23.712,262.23,2133.11,1151.04,22.9,IDLE,close,
23.767,255.82,2136.12,1130.92,17.2,IDLE,close,
23.805,246.56,2143.40,1102.80,16.8,IDLE,close,
23.853,222.59,2143.93,1016.02,11.8,IDLE,close,
23.899,219.95,2153.77,982.56,8.6,IDLE,close,
23.946,206.28,2172.54,975.64,6.5,IDLE,close,
23.993,219.13,2194.77,962.64,7.8,IDLE,close,
24.041,208.81,2202.25,953.10,8.4,IDLE,close,
24.094,216.30,2194.92,945.22,8.5,IDLE,close,
24.134,211.74,2188.44,943.04,8.6,IDLE,close,
24.182,215.77,2175.08,942.48,8.8,IDLE,close,
24.228,211.87,2159.44,940.48,8.8,IDLE,close,
24.275,205.07,2148.74,942.68,7.8,IDLE,close,
24.321,218.45,2139.78,939.24,8.5,IDLE,close,
24.368,206.48,2131.31,977.04,7.8,IDLE,close,
24.423,223.30,2116.98,973.84,10.0,IDLE,close,
24.460,210.79,2108.19,974.01,11.8,IDLE,close,
24.509,221.44,2118.46,968.81,8.9,IDLE,close,
24.554,214.07,2118.73,952.12,8.8,IDLE,close,
24.601,220.93,2120.11,938.44,7.3,IDLE,close,
24.647,218.31,2126.26,916.96,8.0,IDLE,close,
24.694,217.22,2149.41,901.90,6.9,IDLE,close,
24.754,206.30,2191.18,892.22,7.5,IDLE,close,
24.789,203.64,2214.11,880.86,8.5,IDLE,close,
24.851,205.05,2262.23,881.19,8.4,IDLE,close,
24.887,205.71,2314.14,890.56,9.4,IDLE,close,
24.938,212.96,2368.28,919.36,9.9,IDLE,close,
24.985,207.42,2404.95,946.14,8.3,IDLE,close,
25.022,207.89,2398.01,949.60,7.8,IDLE,close,
25.079,205.86,2408.53,949.71,7.6,IDLE,close,
25.124,205.44,2402.14,942.23,9.0,IDLE,close,
25.176,193.88,2391.92,941.28,9.0,IDLE,close,
25.211,192.27,2398.51,942.85,10.7,IDLE,close,
25.264,193.32,2397.76,941.67,10.2,IDLE,close,
25.309,190.74,2390.52,940.01,10.8,IDLE,close,
25.357,189.69,2372.10,933.11,10.3,IDLE,close,
25.404,189.05,2370.72,928.19,9.0,IDLE,close,
25.449,195.61,2410.45,952.49,9.0,IDLE,close,
25.501,197.32,2406.21,950.84,8.1,IDLE,close,
25.542,202.46,2406.90,944.24,9.5,IDLE,close,
25.589,198.26,2401.19,950.39,9.8,IDLE,close,
25.633,203.37,2399.48,966.90,7.3,IDLE,close,
25.681,185.68,2407.06,1012.66,4.9,IDLE,close,
25.729,189.81,2430.24,1124.58,4.1,IDLE,close,
25.773,190.08,2455.28,1154.32,6.2,IDLE,close,
25.824,187.25,2544.31,1293.71,3.8,IDLE,close,
25.874,187.77,2547.95,1325.57,3.5,IDLE,close,
25.923,181.43,2536.22,1324.19,3.8,IDLE,close,
25.969,189.51,2534.89,1321.41,3.4,IDLE,close,
26.020,179.03,2534.33,1317.83,3.7,IDLE,close,
26.058,197.87,2547.89,1325.34,4.8,IDLE,close,
26.113,178.82,2539.16,1318.10,5.4,IDLE,close,
26.152,193.35,2538.08,1316.13,5.9,IDLE,close,
26.207,169.50,2559.75,1322.81,7.3,IDLE,close,
26.258,179.02,2556.47,1316.15,8.1,IDLE,close,
26.294,157.51,2530.81,1291.12,8.3,IDLE,close,
26.335,161.22,2548.69,1295.55,9.2,IDLE,close,
26.391,147.14,2536.80,1282.86,9.6,IDLE,close,
26.437,153.20,2544.09,1298.43,10.0,IDLE,close,
26.485,152.27,2549.96,1347.60,8.7,IDLE,close,
26.529,153.28,2555.77,1348.93,8.4,IDLE,close,
26.581,164.81,2559.10,1346.81,7.3,IDLE,close,
26.616,147.31,2562.15,1340.08,6.9,IDLE,close,
26.663,160.71,2564.31,1341.46,5.0,IDLE,close,
26.713,159.03,2567.56,1345.24,5.0,IDLE,close,
26.758,198.12,2566.06,1347.39,5.3,IDLE,close,
26.810,202.73,2566.58,1348.92,4.7,IDLE,close,
26.857,208.95,2567.99,1345.51,5.3,IDLE,close,
26.909,199.46,2569.69,1351.42,3.3,IDLE,close,
26.955,200.43,2577.71,1349.89,4.6,IDLE,close,
27.001,195.85,2579.21,1348.43,3.1,IDLE,close,
27.049,189.96,2582.82,1348.04,4.0,IDLE,close,
27.087,192.26,2582.88,1351.12,5.8,IDLE,close,
27.137,167.27,2578.42,1350.47,5.5,IDLE,close,
27.183,180.57,2567.43,1340.41,6.0,IDLE,close,
27.232,152.64,2570.31,1332.34,7.1,IDLE,close,
27.274,162.07,2585.53,1347.55,7.6,IDLE,close,
27.322,150.06,2593.10,1349.91,7.7,IDLE,close,
27.373,149.00,2595.57,1361.44,8.3,IDLE,close,
27.420,135.80,2594.35,1370.11,9.2,IDLE,close,
27.474,135.19,2593.91,1362.33,9.3,IDLE,close,
27.511,146.86,2593.42,1358.69,9.7,IDLE,close,
27.560,116.41,2597.51,1356.55,8.9,IDLE,close,
27.606,125.46,2605.52,1399.50,8.0,IDLE,close,
27.653,110.71,2615.85,1397.33,7.5,IDLE,close,
27.703,109.29,2619.55,1396.19,7.1,IDLE,close,
27.750,101.85,2617.97,1395.51,6.4,IDLE,close,
27.798,98.26,2619.50,1395.81,4.6,IDLE,close,
27.845,98.09,2597.43,1388.53,4.2,IDLE,close,
27.890,114.62,2597.91,1378.89,4.2,IDLE,close,
27.940,102.35,2602.14,1377.30,2.4,IDLE,close,
27.978,107.87,2608.06,1375.67,2.7,IDLE,close,
28.027,104.12,2605.92,1373.50,4.0,IDLE,close,
28.075,112.31,2610.06,1371.83,3.2,IDLE,close,
28.122,102.44,2611.11,1369.91,4.3,IDLE,close,
28.172,110.97,2609.08,1378.29,4.4,IDLE,close,
28.218,101.30,2606.25,1375.45,4.7,IDLE,close,
28.262,110.37,2616.17,1372.32,5.9,IDLE,close,
28.313,110.38,2610.91,1370.20,6.9,IDLE,close,
28.356,104.33,2598.85,1369.55,7.9,IDLE,close,
28.463,104.12,2609.51,1387.22,9.0,IDLE,close,
28.510,109.62,2610.42,1410.53,9.0,IDLE,close,
28.565,103.72,2617.56,1407.73,9.1,IDLE,close,
28.603,113.37,2609.78,1407.35,8.0,IDLE,close,
28.650,106.52,2611.33,1403.04,8.8,IDLE,close,
28.698,113.13,2613.95,1398.89,8.1,IDLE,close,
28.743,104.00,2611.29,1396.49,7.5,IDLE,close,
28.790,114.88,2605.36,1392.23,7.7,IDLE,close,
28.837,116.65,2622.36,1382.55,7.2,IDLE,close,
28.890,114.45,2597.58,1385.31,5.6,IDLE,close,
28.930,111.64,2622.50,1393.76,5.4,IDLE,close,
28.980,110.65,2621.40,1391.92,5.5,IDLE,close,
29.023,106.61,2601.54,1380.27,5.4,IDLE,close,
29.071,105.85,2603.85,1368.49,5.9,IDLE,close,
29.119,111.13,2603.53,1369.19,7.1,IDLE,close,
29.166,104.59,2590.69,1366.79,5.8,IDLE,close,
29.219,112.38,2599.22,1368.07,4.5,IDLE,close,
29.260,109.65,2599.47,1363.37,3.3,IDLE,close,
29.304,124.45,2603.30,1368.08,4.1,IDLE,close,
29.352,106.07,2600.04,1366.30,5.8,IDLE,close,
29.398,111.38,2603.77,1357.06,7.4,IDLE,close,
29.445,108.61,2610.91,1354.63,7.9,IDLE,close,
29.493,113.61,2611.68,1383.58,8.3,IDLE,close,
29.545,100.45,2611.76,1373.67,8.8,IDLE,close,
29.585,110.73,2614.77,1404.49,9.3,IDLE,close,
29.632,118.33,2620.33,1402.47,8.8,IDLE,close,
29.678,110.49,2615.58,1403.87,9.8,IDLE,close,
29.725,114.28,2607.00,1399.52,9.6,IDLE,close,
29.785,110.54,2612.32,1396.49,7.3,IDLE,close,
29.821,119.89,2626.49,1395.78,6.5,IDLE,close,
29.871,116.09,2628.79,1396.11,4.9,IDLE,close,
29.924,121.95,2615.59,1389.11,4.7,IDLE,close,
29.960,111.97,2609.03,1398.30,4.4,IDLE,close,
30.016,122.46,2612.16,1397.80,4.0,IDLE,close,
30.054,120.35,2606.42,1383.57,4.8,IDLE,close,
30.109,121.39,2603.41,1381.55,4.8,IDLE,close,
30.146,111.67,2592.22,1382.43,5.2,IDLE,close,
30.205,111.76,2593.51,1376.11,3.5,IDLE,close,
30.244,116.85,2599.36,1365.28,5.3,IDLE,close,
30.305,108.15,2588.08,1375.31,5.7,IDLE,close,
30.341,119.52,2603.09,1371.70,4.9,IDLE,close,
30.391,107.15,2603.56,1370.64,6.2,IDLE,close,
30.429,102.48,2599.59,1376.83,6.3,IDLE,close,
30.484,112.06,2608.29,1366.34,8.0,IDLE,close,
30.524,107.91,2591.62,1380.65,8.1,IDLE,close,
30.576,106.85,2595.42,1391.18,8.9,IDLE,close,
30.630,102.19,2595.50,1393.34,8.3,IDLE,close,
30.668,112.34,2591.44,1391.27,7.7,IDLE,close,
30.716,100.96,2588.69,1391.40,8.1,IDLE,close,
30.760,111.30,2586.80,1389.72,7.6,IDLE,close,
30.807,104.01,2588.07,1386.94,8.2,IDLE,close,
30.853,119.45,2599.08,1384.81,6.2,IDLE,close,
30.898,107.70,2602.61,1389.27,5.6,IDLE,close,
30.951,119.93,2599.27,1388.91,5.5,IDLE,close,
31.005,108.62,2589.70,1380.05,10.0,IDLE,close,
31.043,108.77,2599.25,1375.13,9.7,IDLE,close,
31.100,115.06,2509.55,1375.88,13.1,IDLE,close,
31.138,114.19,2485.05,1378.31,13.3,IDLE,close,
31.193,122.35,2374.78,1390.56,16.8,IDLE,close,
31.231,119.73,2309.32,1383.09,19.6,IDLE,close,
31.276,234.13,2154.03,1503.62,83.4,PULSE,close,
31.330,341.46,2347.33,1743.85,255.0,PULSE,close,
31.384,346.53,1766.20,1838.98,146.8,PULSE,close,
31.430,409.35,1484.32,1406.33,60.1,PULSE,close,
31.474,459.93,1486.78,1382.43,131.6,PULSE,close,
31.524,592.40,1595.91,1423.90,189.6,PULSE,close,
31.570,647.02,1764.57,1574.65,226.2,PULSE,close,
31.613,752.11,1847.30,1562.55,206.1,PULSE,close,
31.657,765.60,1437.71,1640.90,158.2,PULSE,close,
31.709,814.15,1167.32,1666.93,108.0,PULSE,close,
31.753,807.11,872.26,928.11,63.5,PULSE,close,
31.797,810.17,819.43,624.96,33.7,PULSE,close,
31.847,757.56,804.89,430.40,11.2,REFRACTORY,open,open
31.891,742.38,772.01,350.69,7.5,REFRACTORY,open,
31.937,793.37,734.96,343.62,13.3,REFRACTORY,open,
31.982,740.72,671.63,369.22,20.9,REFRACTORY,open,
32.030,807.35,646.89,397.94,25.6,REFRACTORY,open,
32.077,765.51,644.60,421.90,30.3,REFRACTORY,open,
32.121,816.85,646.30,442.67,31.8,REFRACTORY,open,
32.167,798.33,650.92,482.63,32.5,REFRACTORY,open,
32.211,822.63,693.63,529.50,32.5,REFRACTORY,open,
32.259,827.11,766.37,535.77,33.5,REFRACTORY,open,
32.305,831.88,784.18,555.67,32.5,REFRACTORY,open,
32.354,854.25,764.02,535.96,33.2,REFRACTORY,open,
32.399,836.34,714.62,470.68,34.6,REFRACTORY,open,
32.445,872.36,715.68,473.90,34.0,REFRACTORY,open,
32.494,858.56,720.35,490.10,35.1,REFRACTORY,open,
32.539,896.60,709.07,540.17,36.3,REFRACTORY,open,
32.583,876.75,699.72,580.05,37.1,REFRACTORY,open,
32.644,921.65,740.91,548.90,39.6,REFRACTORY,open,
32.687,905.75,723.71,616.71,38.4,REFRACTORY,open,
32.733,948.20,731.54,633.52,37.4,REFRACTORY,open,
32.778,928.05,743.43,632.11,37.2,REFRACTORY,open,
32.823,958.68,798.77,579.38,35.9,REFRACTORY,open,
32.869,950.07,871.95,554.89,35.1,REFRACTORY,open,
32.914,964.63,869.98,526.14,32.3,REFRACTORY,open,
32.960,973.63,806.18,552.98,27.7,REFRACTORY,open,
33.010,945.92,806.51,447.52,19.2,REFRACTORY,open,
33.055,908.05,805.94,393.48,10.6,REFRACTORY,open,
33.106,880.08,842.21,398.95,4.6,REFRACTORY,open,
33.157,905.04,890.63,412.53,5.5,REFRACTORY,open,
33.203,880.67,910.07,484.41,12.7,REFRACTORY,open,
33.246,901.18,1246.55,956.76,20.2,REFRACTORY,open,
33.288,907.78,2197.56,1285.68,25.9,REFRACTORY,open,
33.337,916.60,1980.73,1086.63,32.8,REFRACTORY,open,
33.395,930.47,1888.38,934.26,35.2,REFRACTORY,open,
33.503,953.89,2889.01,1688.02,37.2,REFRACTORY,open,
33.551,969.60,2721.48,1506.08,33.9,REFRACTORY,open,
33.599,977.31,2515.59,1319.58,33.4,REFRACTORY,open,
33.643,980.19,2346.04,1188.51,27.0,REFRACTORY,open,
33.689,988.86,2232.62,1119.03,20.8,REFRACTORY,open,
33.733,996.69,2162.73,1099.84,14.9,REFRACTORY,open,
33.776,979.28,2137.49,1045.34,7.9,REFRACTORY,open,
33.820,943.27,2148.67,1044.12,3.4,REFRACTORY,open,
33.862,976.15,2159.94,1025.33,6.1,REFRACTORY,open,
33.906,953.22,2144.09,1022.10,12.3,REFRACTORY,open,
33.949,955.12,2182.12,1021.08,18.8,IDLE,open,
33.993,979.20,2249.16,1030.41,23.0,IDLE,open,
34.043,976.01,2326.12,1045.52,27.3,IDLE,open,
34.088,1011.17,2342.72,1049.10,29.5,IDLE,open,
34.141,981.08,2343.63,1049.80,29.7,IDLE,open,
34.186,1038.67,2350.47,1044.68,30.2,IDLE,open,
34.231,1003.51,2346.29,1042.84,31.5,IDLE,open,
34.276,1056.69,2344.04,1033.12,31.4,IDLE,open,
34.327,1027.74,2334.55,1023.41,28.3,IDLE,open,
34.367,1043.97,2322.29,1018.88,27.7,IDLE,open,
34.412,1063.62,2308.76,1018.58,26.0,IDLE,open,
34.473,1074.35,2285.25,1016.22,21.5,IDLE,open,
34.511,1069.02,2281.55,1027.42,18.2,IDLE,open,
34.568,1045.20,2269.68,1026.72,15.9,IDLE,open,
34.606,1061.94,2260.05,1042.44,14.4,IDLE,open,
34.648,1050.86,2246.03,1044.16,15.1,IDLE,open,
34.704,1065.01,2230.74,1054.65,14.3,IDLE,open,
34.744,1047.42,2213.41,1058.94,13.2,IDLE,open,
34.796,1060.13,2204.15,1032.97,12.1,IDLE,open,
34.843,977.27,2198.16,1006.53,8.7,IDLE,open,
34.889,1031.92,2193.62,1009.61,5.8,IDLE,open,
34.929,983.42,2193.96,1020.90,5.5,IDLE,open,
34.984,1016.46,2187.61,1029.60,5.3,IDLE,open,
35.035,974.23,2203.08,1030.14,4.8,IDLE,open,
35.073,1002.73,2227.92,1043.28,4.7,IDLE,open,
35.121,1006.24,2223.99,1029.32,4.6,IDLE,open,
35.168,1014.35,2223.02,1002.36,4.4,IDLE,open,
35.213,1030.84,2270.07,989.27,5.4,IDLE,open,
35.260,1020.36,2376.11,983.14,5.5,IDLE,open,
35.307,1052.16,2364.01,1007.71,7.2,IDLE,open,
35.352,947.52,2343.02,999.12,8.4,IDLE,open,
35.405,809.17,2319.70,994.65,7.3,IDLE,open,
35.445,799.85,2295.57,981.77,9.0,IDLE,open,
35.511,758.93,2262.40,978.34,9.2,IDLE,open,
35.549,682.31,2241.16,967.99,8.7,IDLE,open,
35.587,609.56,2225.54,964.69,8.2,IDLE,open,
35.633,504.92,2213.87,959.95,8.4,IDLE,open,
35.692,414.57,2198.78,994.81,6.6,IDLE,open,
35.729,362.35,2198.55,986.90,5.5,IDLE,open,
35.785,330.43,2212.67,977.28,4.7,IDLE,open,
35.823,320.02,2204.20,961.23,3.9,IDLE,open,
35.877,320.96,2202.29,945.51,3.6,IDLE,open,
35.913,336.19,2244.25,948.11,3.2,IDLE,open,
35.969,362.09,2330.59,937.05,1.9,IDLE,open,
36.015,375.58,2403.12,943.97,2.8,IDLE,open,
36.054,362.71,2439.46,970.18,3.5,IDLE,open,
36.106,366.04,2445.16,973.91,3.0,IDLE,open,
36.160,347.17,2472.58,979.59,4.9,IDLE,open,
36.197,349.13,2478.53,990.61,5.7,IDLE,open,
36.246,329.68,2473.41,994.01,6.3,IDLE,open,
36.293,328.42,2463.42,989.96,6.7,IDLE,open,
36.341,309.06,2456.33,991.36,8.0,IDLE,open,
36.389,298.44,2450.20,1001.06,7.2,IDLE,open,
36.434,292.25,2443.68,1062.78,8.5,IDLE,open,
36.488,281.40,2452.25,1148.62,9.7,IDLE,open,
36.524,278.31,2478.63,1210.77,10.6,IDLE,open,
36.573,269.75,2476.55,1228.46,11.3,IDLE,open,
36.619,266.13,2479.57,1247.16,12.5,IDLE,open,
36.667,249.71,2455.80,1263.97,14.2,IDLE,open,
36.713,250.82,2377.25,1298.97,16.9,IDLE,open,
36.757,236.78,2337.76,1341.91,19.3,IDLE,open,
36.809,240.77,2301.97,1394.93,20.7,IDLE,open,
36.866,225.81,2261.67,1455.71,23.8,IDLE,open,
36.925,233.73,2237.27,1444.34,24.9,IDLE,open,
36.962,222.71,2226.02,1430.17,26.2,IDLE,open,
37.026,236.19,2224.47,1422.60,24.3,IDLE,open,
37.060,234.65,2217.74,1416.15,24.6,IDLE,open,
37.112,257.37,2213.38,1411.05,24.5,IDLE,open,
37.153,243.33,2219.70,1408.40,22.3,IDLE,open,
37.207,262.40,2206.80,1390.96,21.6,IDLE,open,
37.244,264.23,2220.90,1410.91,19.6,IDLE,open,
37.298,257.41,2223.14,1377.65,15.6,IDLE,open,
37.342,252.05,2223.62,1351.79,13.1,IDLE,open,
37.393,240.50,2238.67,1333.64,10.4,IDLE,open,
37.439,216.60,2238.93,1308.18,9.3,IDLE,open,
37.480,211.79,2245.13,1301.60,8.6,IDLE,open,
37.534,182.99,2252.67,1290.58,7.4,IDLE,open,
37.573,188.08,2260.81,1283.63,8.2,IDLE,open,
37.627,171.83,2248.70,1273.61,13.2,IDLE,open,
37.663,169.70,2236.68,1268.32,14.3,IDLE,open,
37.716,171.16,2228.36,1258.35,15.5,IDLE,open,
37.766,177.35,2212.84,1257.10,19.7,IDLE,open,
37.812,198.49,2217.66,1266.34,24.8,IDLE,open,
37.856,194.83,2214.43,1265.23,24.8,IDLE,open,
37.907,229.05,2209.11,1266.97,26.1,IDLE,open,
37.956,224.97,2203.09,1267.64,26.5,IDLE,open,
38.003,235.36,2192.34,1263.32,24.4,IDLE,open,
38.047,228.52,2191.51,1261.46,21.2,IDLE,open,
38.090,217.40,2197.47,1245.90,14.7,IDLE,open,
38.139,204.35,2210.72,1190.14,7.9,IDLE,open,
38.195,180.94,2226.33,1174.44,5.3,IDLE,open,
38.231,183.72,2233.40,1150.43,7.2,IDLE,open,
38.277,175.36,2249.14,1136.53,10.6,IDLE,open,
38.327,165.66,2262.09,1123.43,12.5,IDLE,open,
38.373,159.14,2257.51,1114.56,14.9,IDLE,open,
38.477,147.49,2254.53,1102.98,15.5,IDLE,open,
38.525,146.77,2265.23,1090.53,10.3,IDLE,open,
38.577,131.29,2275.10,1078.28,6.8,IDLE,open,
38.626,135.10,2300.06,1065.77,5.9,IDLE,open,
38.684,129.73,2333.12,1056.63,10.5,IDLE,open,
38.731,141.84,2304.14,1061.10,21.8,IDLE,open,
38.762,143.01,2300.63,1075.47,27.9,IDLE,open,
38.815,157.69,2294.39,1090.23,31.6,IDLE,open,
38.859,174.99,2287.81,1114.46,36.9,IDLE,open,
38.901,187.57,2277.98,1135.65,39.1,IDLE,open,
38.947,200.98,2260.37,1151.54,38.7,IDLE,open,
39.006,216.93,2231.70,1144.02,36.4,IDLE,open,
39.039,227.46,2218.14,1138.83,34.9,IDLE,open,
39.093,231.42,2183.13,1122.91,31.8,IDLE,open,
39.141,245.33,2156.83,1136.19,28.0,IDLE,open,
39.188,237.98,2144.50,1126.50,23.1,IDLE,open,
39.226,242.51,2134.28,1149.04,17.2,IDLE,open,
39.279,234.27,2134.25,1119.82,14.5,IDLE,open,
39.333,233.54,2136.91,1109.30,14.5,IDLE,open,
39.366,243.02,2133.03,1099.36,14.6,IDLE,open,
39.423,225.93,2137.55,1086.37,14.5,IDLE,open,
39.466,239.54,2142.59,1075.38,14.8,IDLE,open,
39.513,225.47,2145.85,1066.25,15.7,IDLE,open,
39.558,236.49,2145.75,1055.15,15.2,IDLE,open,
39.605,226.28,2161.07,1043.22,15.6,IDLE,open,
39.656,243.27,2161.10,1034.05,15.4,IDLE,open,
39.697,239.01,2155.85,1027.74,15.6,IDLE,open,
39.742,232.16,2153.20,996.37,12.9,IDLE,open,
39.789,235.94,2151.29,969.19,11.8,IDLE,open,
39.835,213.85,2150.73,959.08,7.3,IDLE,open,
39.883,236.13,2154.10,951.40,3.9,IDLE,open,
39.929,210.78,2154.06,952.68,2.1,IDLE,open,
39.982,231.88,2151.94,965.26,3.4,IDLE,open,
40.023,206.47,2154.48,986.75,5.7,IDLE,open,
40.070,225.24,2160.39,1000.62,8.5,IDLE,open,
40.117,211.40,2161.93,1004.15,11.9,IDLE,open,
40.164,233.49,2145.17,1002.94,16.7,IDLE,open,
40.214,229.59,2135.15,1001.81,18.9,IDLE,open,
40.256,239.83,2120.50,999.80,22.7,IDLE,open,
40.311,248.35,2127.21,1003.57,23.1,IDLE,open,
40.350,255.04,2110.33,1012.45,25.3,IDLE,open,
40.398,269.43,2106.56,1022.24,25.6,IDLE,open,
40.458,284.67,2111.14,1031.09,25.8,IDLE,open,
40.491,295.62,2100.59,1057.00,27.1,IDLE,open,
40.550,283.59,2105.89,1057.13,27.3,IDLE,open,
40.596,310.12,2106.57,1064.60,28.6,IDLE,open,
40.646,297.30,2108.35,1073.26,28.8,IDLE,open,
40.693,327.99,2151.29,1066.39,28.8,IDLE,open,
40.741,315.83,2290.44,1074.68,27.9,IDLE,open,
40.773,342.65,2357.02,1117.18,28.1,IDLE,open,
40.829,323.33,2339.35,1112.15,24.6,IDLE,open,
40.875,349.54,2315.22,1110.82,23.4,IDLE,open,
40.922,332.89,2299.81,1124.10,22.2,IDLE,open,
40.972,344.52,2275.98,1127.49,20.3,IDLE,open,
41.014,325.60,2254.84,1125.93,21.3,IDLE,open,
41.066,319.63,2236.05,1144.90,16.8,IDLE,open,
41.107,324.80,2214.06,1159.68,17.7,IDLE,open,
41.154,283.38,2204.42,1157.95,15.6,IDLE,open,
41.196,284.96,2198.10,1166.69,11.5,IDLE,open,
41.246,264.76,2196.42,1162.19,13.2,IDLE,open,
41.293,268.68,2203.01,1136.26,10.4,IDLE,open,
41.339,241.92,2212.06,1136.44,10.5,IDLE,open,
41.390,263.68,2214.20,1119.97,8.7,IDLE,open,
41.431,246.41,2222.38,1116.03,9.3,IDLE,open,
41.478,258.08,2229.06,1111.85,8.7,IDLE,open,
41.524,249.83,2230.91,1108.01,9.3,IDLE,open,
41.571,253.22,2233.78,1100.38,9.2,IDLE,open,
41.620,254.36,2231.39,1093.13,7.3,IDLE,open,
41.665,243.99,2227.17,1085.25,7.3,IDLE,open,
41.716,249.53,2226.89,1081.62,6.4,IDLE,open,
41.757,232.17,2232.52,1076.22,5.2,IDLE,open,
41.804,255.93,2245.79,1067.06,2.6,IDLE,open,
41.850,220.00,2249.19,1057.32,4.4,IDLE,open,
41.911,237.06,2240.26,1036.91,5.1,IDLE,open,
41.950,208.54,2243.09,1028.36,3.6,IDLE,open,
42.001,230.23,2244.73,1006.29,1.7,IDLE,open,
42.053,200.03,2241.77,999.07,2.6,IDLE,open,
42.097,213.48,2251.22,984.35,4.4,IDLE,open,
42.150,199.05,2289.90,974.51,4.1,IDLE,open,
42.184,197.32,2312.41,975.12,4.5,IDLE,open,
42.237,191.90,2365.26,965.49,7.1,IDLE,open,
42.285,191.00,2363.69,960.63,8.0,IDLE,open,
42.330,200.75,2380.37,960.80,8.5,IDLE,open,
42.371,189.09,2391.04,954.88,9.8,IDLE,open,
42.422,199.93,2401.88,955.46,8.7,IDLE,open,
42.474,180.30,2413.77,962.90,9.1,IDLE,open,
42.507,196.90,2403.86,964.03,9.2,IDLE,open,
42.563,183.14,2446.24,976.67,7.6,IDLE,open,
42.607,195.59,2443.48,972.68,7.6,IDLE,open,
42.655,183.31,2444.76,980.60,7.6,IDLE,open,
42.703,181.41,2441.80,982.07,6.7,IDLE,open,
42.748,178.86,2423.05,990.16,4.9,IDLE,open,
42.788,171.17,2432.31,1016.58,3.3,IDLE,open,
42.842,166.12,2434.97,1036.36,2.4,IDLE,open,
42.888,153.28,2438.83,1075.83,2.0,IDLE,open,
42.935,148.40,2442.10,1097.09,3.2,IDLE,open,
42.981,139.14,2448.18,1103.85,5.9,IDLE,open,
43.028,136.85,2463.30,1174.38,4.6,IDLE,open,
43.072,114.28,2483.58,1179.61,5.8,IDLE,open,
43.123,121.08,2478.19,1230.88,8.5,IDLE,open,
43.165,104.81,2530.52,1267.23,8.9,IDLE,open,
43.211,99.04,2541.36,1298.77,9.0,IDLE,open,
43.259,99.78,2564.54,1341.10,10.1,IDLE,open,
43.305,107.32,2563.21,1352.51,10.3,IDLE,open,
43.366,109.65,2538.43,1389.16,12.6,IDLE,open,
43.488,109.18,2532.76,1393.07,10.8,IDLE,open,
43.520,105.52,2544.83,1403.85,9.5,IDLE,open,
43.551,110.24,2546.05,1386.48,9.9,IDLE,open,
43.589,108.08,2545.60,1413.25,9.9,IDLE,open,
43.644,117.95,2541.17,1412.81,10.5,IDLE,open,
43.697,111.30,2537.26,1412.38,10.3,IDLE,open,
43.728,107.46,2542.40,1416.92,10.0,IDLE,open,
43.781,113.26,2538.64,1415.18,11.5,IDLE,open,
43.828,114.95,2539.31,1408.58,11.2,IDLE,open,
43.875,122.92,2531.21,1398.14,11.2,IDLE,open,
43.913,114.18,2538.50,1391.00,9.5,IDLE,open,
43.967,113.78,2533.92,1390.37,10.7,IDLE,open,
44.010,111.70,2526.89,1376.82,9.7,IDLE,open,
44.059,108.35,2520.38,1367.20,9.1,IDLE,open,
44.106,111.56,2518.81,1365.38,7.4,IDLE,open,
44.153,142.14,2516.87,1360.25,6.6,IDLE,open,
44.200,148.70,2522.63,1357.60,7.0,IDLE,open,
44.245,167.81,2524.80,1358.41,6.5,IDLE,open,
44.292,156.21,2522.51,1365.86,6.1,IDLE,open,
44.345,163.16,2520.72,1360.43,8.3,IDLE,open,
44.385,155.62,2523.23,1359.42,8.4,IDLE,open,
44.431,145.27,2521.52,1353.03,8.2,IDLE,open,
44.477,147.17,2524.04,1352.85,8.0,IDLE,open,
44.525,139.51,2522.11,1351.75,9.1,IDLE,open,
44.570,144.07,2521.33,1346.96,8.3,IDLE,open,
44.616,132.71,2515.13,1340.88,7.1,IDLE,open,
44.672,125.58,2517.86,1338.02,6.0,IDLE,open,
44.711,122.20,2528.67,1338.34,5.1,IDLE,open,
44.758,118.39,2528.09,1334.21,5.1,IDLE,open,
44.804,112.61,2530.36,1324.56,3.8,IDLE,open,
44.851,104.17,2528.02,1320.97,4.4,IDLE,open,
44.897,107.70,2527.85,1315.50,4.0,IDLE,open,
44.959,98.68,2520.95,1298.11,5.8,IDLE,open,
45.007,101.64,2519.36,1295.31,3.5,IDLE,open,
45.042,93.24,2520.78,1296.04,3.0,IDLE,open,
45.089,85.38,2523.66,1293.40,3.9,IDLE,open,
45.137,90.23,2525.96,1291.96,5.1,IDLE,open,
45.190,73.52,2518.04,1280.34,7.8,IDLE,open,
45.244,84.45,2519.40,1279.55,6.7,IDLE,open,
45.278,74.36,2503.65,1274.49,8.0,IDLE,open,
45.329,81.69,2500.51,1268.35,8.3,IDLE,open,
45.375,77.89,2494.70,1280.21,8.8,IDLE,open,
45.426,78.43,2497.99,1286.27,9.5,IDLE,open,
45.461,88.69,2505.96,1291.59,8.8,IDLE,open,
45.513,79.84,2503.50,1291.64,8.0,IDLE,open,
45.558,87.99,2529.02,1302.10,7.8,IDLE,open,
45.601,76.55,2536.11,1306.02,7.6,IDLE,open,
45.652,84.04,2531.68,1308.95,6.9,IDLE,open,
45.697,83.43,2536.84,1313.85,3.8,IDLE,open,
45.748,88.47,2529.07,1310.33,3.5,IDLE,open,
45.788,87.58,2535.65,1295.87,3.1,IDLE,open,
45.835,89.32,2576.69,1346.02,4.0,IDLE,open,
45.885,101.04,2581.00,1358.32,4.5,IDLE,open,
45.933,94.72,2581.23,1359.21,5.7,IDLE,open,
45.981,100.15,2590.37,1346.64,5.7,IDLE,open,
46.027,98.10,2621.73,1384.19,5.9,IDLE,open,
46.075,98.84,2602.72,1396.71,7.3,IDLE,open,
46.127,94.87,2616.36,1395.49,7.9,IDLE,open,
46.178,95.98,2601.65,1392.26,8.8,IDLE,open,
46.216,91.64,2603.01,1393.48,7.1,IDLE,open,
46.267,98.19,2606.07,1392.73,8.8,IDLE,open,
46.314,93.51,2588.58,1374.36,10.0,IDLE,open,
46.351,82.40,2603.78,1380.41,9.5,IDLE,open,
46.409,94.82,2596.01,1371.60,9.5,IDLE,open,
46.445,87.34,2612.03,1385.19,9.7,IDLE,open,
46.505,91.23,2609.10,1378.73,7.7,IDLE,open,
46.542,88.91,2618.78,1403.97,6.4,IDLE,open,
46.591,99.89,2620.34,1405.31,6.4,IDLE,open,
46.637,94.10,2628.91,1406.79,4.3,IDLE,open,
46.685,99.35,2609.79,1401.40,3.7,IDLE,open,
46.733,105.00,2613.35,1394.43,3.1,IDLE,open,
46.776,110.05,2616.69,1396.73,3.6,IDLE,open,
46.828,104.70,2621.00,1399.12,3.3,IDLE,open,
46.871,98.61,2617.78,1399.10,3.1,IDLE,open,
46.921,105.34,2613.58,1400.46,3.5,IDLE,open,
46.964,90.59,2622.04,1392.11,3.7,IDLE,open,
47.014,97.41,2624.15,1389.11,4.5,IDLE,open,
47.061,91.67,2623.36,1383.71,4.9,IDLE,open,
47.101,101.99,2625.68,1387.58,5.9,IDLE,open,
47.160,90.46,2617.10,1372.60,7.7,IDLE,open,
47.200,108.63,2608.87,1376.21,8.8,IDLE,open,
47.243,95.27,2588.57,1355.12,8.3,IDLE,open,
47.295,115.98,2590.57,1370.31,8.3,IDLE,open,
47.335,99.43,2597.36,1357.42,7.9,IDLE,open,
47.390,111.17,2592.79,1354.83,8.4,IDLE,open,
47.435,97.79,2598.69,1390.75,7.6,IDLE,open,
47.486,105.71,2596.91,1396.84,7.9,IDLE,open,
47.526,99.66,2614.10,1397.39,7.1,IDLE,open,
47.574,103.85,2619.27,1399.91,6.0,IDLE,open,
47.623,104.40,2622.43,1402.17,5.1,IDLE,open,
47.669,109.72,2617.68,1401.06,5.7,IDLE,open,
47.715,109.62,2619.29,1397.71,6.0,IDLE,open,
47.762,104.19,2609.66,1391.81,7.3,IDLE,open,
47.814,118.20,2581.65,1385.82,10.8,IDLE,open,
47.855,101.90,2525.21,1381.49,11.8,IDLE,open,
47.903,113.93,2482.40,1371.55,14.5,IDLE,open,
47.948,112.72,2374.77,1376.79,17.1,IDLE,open,
47.995,122.35,2338.70,1383.55,19.5,IDLE,open,
48.043,121.19,2272.24,1390.48,22.6,IDLE,open,
48.089,136.84,2214.58,1403.32,25.0,IDLE,open,
48.140,140.46,2209.75,1404.65,27.4,IDLE,open,
48.181,141.56,2203.18,1383.76,27.7,IDLE,open,
48.228,152.66,2191.92,1352.81,29.2,IDLE,open,
48.276,163.79,2183.39,1351.86,28.9,IDLE,open,
48.323,159.62,2183.47,1358.65,28.7,IDLE,open,
48.370,176.80,2181.86,1337.72,31.0,IDLE,open,
48.417,178.03,2168.80,1334.27,28.9,IDLE,open,
48.515,186.04,2160.35,1329.35,26.5,IDLE,open,
48.557,188.58,2171.04,1331.90,20.7,IDLE,open,
48.603,182.63,2169.82,1335.22,17.3,IDLE,open,
48.648,165.10,2176.19,1340.92,14.7,IDLE,open,
48.702,120.66,2180.26,1276.71,7.0,IDLE,open,
48.740,136.75,2193.88,1262.07,4.5,IDLE,open,
48.788,128.32,2200.45,1248.83,2.2,IDLE,open,
48.835,122.37,2205.25,1233.37,4.7,IDLE,open,
48.882,124.82,2187.35,1200.42,8.2,IDLE,open,
48.932,122.65,2171.58,1184.30,11.3,IDLE,open,
48.976,128.73,2153.10,1182.45,15.1,IDLE,open,
49.029,134.98,2133.28,1172.24,19.1,IDLE,open,
49.076,143.33,2124.56,1183.14,23.6,IDLE,open,
49.137,152.49,2129.28,1193.98,28.7,IDLE,open,
49.193,163.84,2132.10,1212.19,31.1,IDLE,open,
49.230,172.58,2127.93,1208.77,31.2,IDLE,open,
49.287,186.68,2134.22,1219.17,34.1,IDLE,open,
49.324,199.26,2154.55,1248.25,34.5,IDLE,open,
49.378,208.27,2155.57,1255.74,34.7,IDLE,open,
49.414,219.60,2168.25,1270.27,36.7,IDLE,open,
49.465,227.30,2178.88,1267.12,35.2,IDLE,open,
49.520,250.65,2183.62,1242.51,37.1,IDLE,open,
49.557,254.88,2199.97,1250.14,38.1,IDLE,open,
49.611,271.27,2210.05,1214.30,36.8,IDLE,open,
49.649,281.53,2203.26,1201.72,35.7,IDLE,open,
49.702,288.36,2198.40,1164.31,32.3,IDLE,open,
49.750,296.79,2184.88,1141.89,31.6,IDLE,open,
49.794,299.02,2171.54,1109.84,29.5,IDLE,open,
49.841,298.75,2180.30,1088.19,28.7,IDLE,open,
49.895,300.01,2189.70,1070.91,27.3,IDLE,open,
49.933,301.60,2216.48,1050.99,23.1,IDLE,open,
49.981,308.17,2231.95,1039.08,22.4,IDLE,open,
50.026,292.23,2233.11,1032.40,17.0,IDLE,open,
50.072,276.53,2230.64,989.51,13.2,IDLE,open,
50.118,266.24,2214.10,976.44,11.2,IDLE,open,
50.166,260.28,2205.59,966.49,10.1,IDLE,open,
50.220,256.42,2196.69,958.70,9.1,IDLE,open,
50.257,249.25,2193.71,946.72,8.9,IDLE,open,
50.304,252.89,2188.07,943.90,8.2,IDLE,open,
50.366,241.81,2165.77,951.75,8.6,IDLE,open,
50.435,242.23,2158.13,948.77,6.2,IDLE,open,
50.474,232.74,2132.37,956.80,5.4,IDLE,open,
50.510,241.11,2135.71,960.49,5.1,IDLE,open,
50.568,241.17,2127.21,995.89,3.7,IDLE,open,
50.605,248.97,2130.75,995.95,3.1,IDLE,open,
50.655,256.22,2130.75,990.68,3.9,IDLE,open,
50.710,248.42,2131.95,981.85,3.2,IDLE,open,
50.763,247.01,2132.17,966.44,5.9,IDLE,open,
50.819,238.27,2124.22,946.47,5.8,IDLE,open,
50.854,246.12,2125.58,923.77,7.7,IDLE,open,
50.912,240.37,2109.83,910.93,11.0,IDLE,open,
50.949,243.75,2118.06,907.54,13.9,IDLE,open,
51.004,248.00,2143.44,907.77,18.3,IDLE,open,
51.041,245.84,2182.18,906.89,18.5,IDLE,open,
51.090,258.91,2254.17,923.71,22.0,IDLE,open,
51.141,262.69,2271.68,960.40,24.2,IDLE,open,
51.179,269.92,2317.77,994.51,26.7,IDLE,open,
51.237,275.82,2331.01,1038.72,26.2,IDLE,open,
